"","MouseID","DPI","Condition","Class","X","Y"
"1","Td80","7D","SHAM","Positive",1046.6,790.1
"2","Td80","7D","SHAM","Positive",2062.3,445.19
"3","Td80","7D","SHAM","Positive",2410.3,740.13
"4","Td80","7D","SHAM","Positive",2218.2,338.63
"5","Td80","7D","SHAM","Positive",2086.4,5812.3
"6","Td80","7D","SHAM","Positive",1074.1,4884.7
"7","Td80","7D","SHAM","Positive",1363,3086.6
"8","Td80","7D","SHAM","Positive",1866.5,3489.2
"9","Td80","7D","SHAM","Positive",1281.9,3476.4
"10","Td80","7D","SHAM","Positive",2948,338.33
"11","Td80","7D","SHAM","Positive",2088,4029.7
"12","Td80","7D","SHAM","Positive",2586.6,492.73
"13","Td80","7D","SHAM","Positive",2416.6,1263.5
"14","Td80","7D","SHAM","Positive",2912.1,407.05
"15","Td80","7D","SHAM","Positive",2234.5,487.79
"16","Td80","7D","SHAM","Positive",2103,395.56
"17","Td80","7D","SHAM","Positive",2921.7,852.41
"18","Td80","7D","SHAM","Positive",2801.5,2362.4
"19","Td80","7D","SHAM","Positive",2442.4,5105.9
"20","Td80","7D","SHAM","Positive",2219.7,3763.6
"21","Td80","7D","SHAM","Positive",2595.7,1812.8
"22","Td80","7D","SHAM","Positive",2393.7,2076.4
"23","Td80","7D","SHAM","Positive",2458.9,1331.7
"24","Td80","7D","SHAM","Positive",1485.6,1181.9
"25","Td80","7D","SHAM","Positive",2065.3,2359.9
"26","Td80","7D","SHAM","Positive",2398,1689.7
"27","Td80","7D","SHAM","Positive",1826.1,5553.8
"28","Td80","7D","SHAM","Positive",3172,5615.1
"29","Td80","7D","SHAM","Positive",2515.8,295.26
"30","Td80","7D","SHAM","Positive",2548.8,4753.9
"31","Td80","7D","SHAM","Positive",855.27,3261.9
"32","Td80","7D","SHAM","Positive",3046.7,238.71
"33","Td80","7D","SHAM","Positive",2952,414.35
"34","Td80","7D","SHAM","Positive",3004.6,187.16
"35","Td80","7D","SHAM","Positive",2294.9,4120.2
"36","Td80","7D","SHAM","Positive",1563.1,582.28
"37","Td80","7D","SHAM","Positive",3093.8,4115.7
"38","Td80","7D","SHAM","Positive",2383.9,2045.6
"39","Td80","7D","SHAM","Positive",457.02,1739.4
"40","Td80","7D","SHAM","Positive",2096.1,780.65
"41","Td80","7D","SHAM","Positive",3173.2,113.8
"42","Td80","7D","SHAM","Positive",2095.4,5651.4
"43","Td80","7D","SHAM","Positive",1249.3,5016.3
"44","Td80","7D","SHAM","Positive",1780.5,2809.2
"45","Td80","7D","SHAM","Positive",781.18,979.88
"46","Td80","7D","SHAM","Positive",1178.5,2941.2
"47","Td80","7D","SHAM","Positive",2370.8,467.11
"48","Td80","7D","SHAM","Positive",219.49,3655.7
"49","Td80","7D","SHAM","Positive",2951.7,140.66
"50","Td80","7D","SHAM","Positive",1401.4,418.86
"51","Td80","7D","SHAM","Positive",822.64,1218.5
"52","Td80","7D","SHAM","Positive",780.16,3689.1
"53","Td80","7D","SHAM","Positive",2157.6,501.29
"54","Td80","7D","SHAM","Positive",2586.3,2267.5
"55","Td80","7D","SHAM","Positive",2103,3801.4
"56","Td80","7D","SHAM","Positive",1799,2390.7
"57","Td80","7D","SHAM","Positive",3055.1,2890.5
"58","Td80","7D","SHAM","Positive",1774,2926.3
"59","Td80","7D","SHAM","Positive",2570.7,455.04
"60","Td80","7D","SHAM","Positive",1850.4,5597.7
"61","Td80","7D","SHAM","Positive",2329.3,1048.4
"62","Td80","7D","SHAM","Positive",2432.8,3798
"63","Td80","7D","SHAM","Positive",2323.8,1085.2
"64","Td80","7D","SHAM","Positive",2244.2,2040.1
"65","Td80","7D","SHAM","Positive",2439.6,3613.2
"66","Td80","7D","SHAM","Positive",1327.5,3389.7
"67","Td80","7D","SHAM","Positive",362.62,4211.7
"68","Td80","7D","SHAM","Positive",3119.5,184.06
"69","Td80","7D","SHAM","Positive",2967.3,169.74
"70","Td80","7D","SHAM","Positive",2385.6,811.48
"71","Td80","7D","SHAM","Positive",2064.2,3651.6
"72","Td80","7D","SHAM","Positive",3134.4,1385.9
"73","Td80","7D","SHAM","Positive",832.56,928.48
"74","Td80","7D","SHAM","Positive",775.85,1364.3
"75","Td80","7D","SHAM","Positive",2915.8,153.4
"76","Td80","7D","SHAM","Positive",450.88,2329.1
"77","Td80","7D","SHAM","Positive",644.25,2875.2
"78","Td80","7D","SHAM","Positive",1659.3,505.39
"79","Td80","7D","SHAM","Positive",2172.8,478.56
"80","Td80","7D","SHAM","Positive",2522.3,324.46
"81","Td80","7D","SHAM","Positive",1145.6,2362.1
"82","Td80","7D","SHAM","Positive",1975.7,1625.7
"83","Td80","7D","SHAM","Positive",2065,758.18
"84","Td80","7D","SHAM","Positive",349.99,2472.5
"85","Td80","7D","SHAM","Positive",2019,3743.1
"86","Td80","7D","SHAM","Positive",1378.7,3478.2
"87","Td80","7D","SHAM","Negative",2366.9,3518.1
"88","Td80","7D","SHAM","Positive",1688.5,494.07
"89","Td80","7D","SHAM","Positive",289.17,1594.4
"90","Td80","7D","SHAM","Positive",1694.8,1521.4
"91","Td80","7D","SHAM","Positive",815.65,3950.1
"92","Td80","7D","SHAM","Positive",3124.8,5386.4
"93","Td80","7D","SHAM","Positive",1465,2322.5
"94","Td80","7D","SHAM","Positive",2548.6,302.61
"95","Td80","7D","SHAM","Positive",1568.2,521.52
"96","Td80","7D","SHAM","Positive",1810.6,5560.3
"97","Td80","7D","SHAM","Positive",995.73,4538.8
"98","Td80","7D","SHAM","Positive",1851.2,3449.4
"99","Td80","7D","SHAM","Positive",1132.4,1288.4
"100","Td80","7D","SHAM","Positive",2054.8,767.53
"101","Td80","7D","SHAM","Positive",2015.5,5481.5
"102","Td80","7D","SHAM","Positive",1530.6,491.93
"103","Td80","7D","SHAM","Positive",2239.3,4580
"104","Td80","7D","SHAM","Positive",544.52,4313.4
"105","Td80","7D","SHAM","Positive",1757.7,1138.9
"106","Td80","7D","SHAM","Positive",963.81,4784.4
"107","Td80","7D","SHAM","Positive",823.67,3366.8
"108","Td80","7D","SHAM","Positive",2790.3,735.86
"109","Td80","7D","SHAM","Positive",548.97,2875.7
"110","Td80","7D","SHAM","Positive",1060.4,3592.8
"111","Td80","7D","SHAM","Positive",2918.1,216.8
"112","Td80","7D","SHAM","Positive",614.23,1130.7
"113","Td80","7D","SHAM","Positive",1744.1,2407.1
"114","Td80","7D","SHAM","Positive",1026.5,2106.4
"115","Td80","7D","SHAM","Positive",1697.1,2439.5
"116","Td80","7D","SHAM","Positive",1453,3450.3
"117","Td80","7D","SHAM","Positive",1207.6,4971.3
"118","Td80","7D","SHAM","Positive",2219,494.69
"119","Td80","7D","SHAM","Positive",810.46,4466.1
"120","Td80","7D","SHAM","Negative",502.39,1762.2
"121","Td80","7D","SHAM","Positive",2303.2,453.96
"122","Td80","7D","SHAM","Positive",2070.3,1046.2
"123","Td80","7D","SHAM","Positive",2615.1,4364
"124","Td80","7D","SHAM","Positive",2497.1,3590.2
"125","Td80","7D","SHAM","Positive",1818.6,2888.5
"126","Td80","7D","SHAM","Positive",2364.7,443.62
"127","Td80","7D","SHAM","Positive",1818.6,4343.5
"128","Td80","7D","SHAM","Negative",2348.9,2157
"129","Td80","7D","SHAM","Negative",781.61,3297.8
"130","Td80","7D","SHAM","Positive",2117,1503.6
"131","Td80","7D","SHAM","Positive",836.93,1378.1
"132","Td80","7D","SHAM","Positive",239.34,3680.7
"133","Td80","7D","SHAM","Positive",975.52,1317
"134","Td80","7D","SHAM","Positive",3003.9,980.2
"135","Td80","7D","SHAM","Positive",1118.7,3071.9
"136","Td80","7D","SHAM","Positive",1102.5,3687.1
"137","Td80","7D","SHAM","Positive",2047.7,1075.3
"138","Td80","7D","SHAM","Positive",2097.1,2743.4
"139","Td80","7D","SHAM","Positive",2879.2,352.52
"140","Td80","7D","SHAM","Positive",2117.4,1552
"141","Td80","7D","SHAM","Positive",1806.2,2258.3
"142","Td80","7D","SHAM","Positive",1077.5,2824.7
"143","Td80","7D","SHAM","Negative",920.6,3268.7
"144","Td80","7D","SHAM","Positive",2470.2,2297.5
"145","Td80","7D","SHAM","Positive",1859.9,2806.4
"146","Td80","7D","SHAM","Positive",1424.4,379.16
"147","Td80","7D","SHAM","Positive",3107.7,2363.6
"148","Td80","7D","SHAM","Positive",3060.7,206.62
"149","Td80","7D","SHAM","Negative",2981.7,4484.5
"150","Td80","7D","SHAM","Positive",2132,2723.1
"151","Td80","7D","SHAM","Positive",2705.3,3971.5
"152","Td80","7D","SHAM","Negative",1019.7,2009.2
"153","Td80","7D","SHAM","Negative",1963.7,5017.2
"154","Td80","7D","SHAM","Positive",2041.7,5780.6
"155","Td80","7D","SHAM","Positive",1661.4,3624.4
"156","Td80","7D","SHAM","Positive",452.93,3368.6
"157","Td80","7D","SHAM","Negative",2429.8,4924.3
"158","Td80","7D","SHAM","Positive",1516.3,462.37
"159","Td80","7D","SHAM","Positive",3082.5,218.42
"160","Td80","7D","SHAM","Negative",1997.5,2253.4
"161","Td80","7D","SHAM","Positive",2419.2,858.21
"162","Td80","7D","SHAM","Positive",984.99,2102.2
"163","Td80","7D","SHAM","Positive",2200.4,3743.3
"164","Td80","7D","SHAM","Positive",1708.1,5443.1
"165","Td80","7D","SHAM","Negative",1901.8,3480.3
"166","Td80","7D","SHAM","Negative",3061.9,2962
"167","Td80","7D","SHAM","Positive",2385.2,5654.2
"168","Td80","7D","SHAM","Positive",2518.2,349.96
"169","Td80","7D","SHAM","Positive",3030.6,212.51
"170","Td80","7D","SHAM","Positive",2016.7,5755.8
"171","Td80","7D","SHAM","Positive",1699.2,3700.3
"172","Td80","7D","SHAM","Positive",1898,2671.5
"173","Td80","7D","SHAM","Positive",1684.4,5390.4
"174","Td80","7D","SHAM","Positive",335.98,4188.2
"175","Td80","7D","SHAM","Positive",1039.9,2841.9
"176","Td80","7D","SHAM","Positive",1199.8,3681.5
"177","Td80","7D","SHAM","Positive",1712.8,503.54
"178","Td80","7D","SHAM","Negative",2183.8,926.74
"179","Td80","7D","SHAM","Positive",763.65,3707.2
"180","Td80","7D","SHAM","Positive",1417.1,3117.9
"181","Td80","7D","SHAM","Positive",1253.7,1207.5
"182","Td80","7D","SHAM","Positive",2466.3,1375.3
"183","Td80","7D","SHAM","Positive",2748.2,6058.3
"184","Td80","7D","SHAM","Positive",1107.5,4853.5
"185","Td80","7D","SHAM","Negative",2112.6,3945.4
"186","Td80","7D","SHAM","Negative",2020.6,1684.7
"187","Td80","7D","SHAM","Negative",2968.6,5689.9
"188","Td80","7D","SHAM","Negative",2548.2,4029.2
"189","Td80","7D","SHAM","Positive",2245.6,1926.4
"190","Td80","7D","SHAM","Negative",2330.6,2868.8
"191","Td80","7D","SHAM","Negative",1704.2,563.79
"192","Td80","7D","SHAM","Negative",1971.3,3398
"193","Td80","7D","SHAM","Positive",2178.8,510.76
"194","Td80","7D","SHAM","Positive",2743.1,274.02
"195","Td80","7D","SHAM","Negative",2010.6,2195.5
"196","Td80","7D","SHAM","Negative",2768.7,655.08
"197","Td80","7D","SHAM","Negative",815.32,3809.1
"198","Td80","7D","SHAM","Positive",2363.2,424.02
"199","Td80","7D","SHAM","Positive",747.18,994.27
"200","Td80","7D","SHAM","Positive",2463.4,3608.3
"201","Td80","7D","SHAM","Negative",867.99,4300.3
"202","Td80","7D","SHAM","Positive",1847.2,1419.9
"203","Td80","7D","SHAM","Negative",1778.1,868.86
"204","Td80","7D","SHAM","Positive",2870.3,3961.3
"205","Td80","7D","SHAM","Positive",1100.2,2791.9
"206","Td80","7D","SHAM","Positive",2547.2,336.86
"207","Td80","7D","SHAM","Negative",3003.6,2322.5
"208","Td80","7D","SHAM","Positive",2399.4,5355
"209","Td80","7D","SHAM","Positive",2299.1,1239.7
"210","Td80","7D","SHAM","Negative",3013.9,929.84
"211","Td80","7D","SHAM","Positive",2175.1,352.97
"212","Td80","7D","SHAM","Positive",1446.8,5136.2
"213","Td80","7D","SHAM","Positive",2838.2,799.12
"214","Td80","7D","SHAM","Negative",2789.9,690.06
"215","Td80","7D","SHAM","Positive",2134.3,365.63
"216","Td80","7D","SHAM","Negative",2923.3,810.35
"217","Td80","7D","SHAM","Negative",126.46,3435.6
"218","Td80","7D","SHAM","Negative",506.82,3705.9
"219","Td80","7D","SHAM","Positive",335.77,2505.9
"220","Td80","7D","SHAM","Positive",2277,3989.6
"221","Td80","7D","SHAM","Positive",1821.2,3601.3
"222","Td80","7D","SHAM","Positive",2394.7,404.83
"223","Td80","7D","SHAM","Negative",1957.5,2434.3
"224","Td80","7D","SHAM","Positive",2006.7,5764.4
"225","Td80","7D","SHAM","Negative",2122.6,4678.8
"226","Td80","7D","SHAM","Positive",1784.5,3953.4
"227","Td80","7D","SHAM","Positive",2068.9,3676.6
"228","Td80","7D","SHAM","Positive",1728.5,1613.8
"229","Td80","7D","SHAM","Positive",2886.2,258.44
"230","Td80","7D","SHAM","Positive",2109.1,2217.6
"231","Td80","7D","SHAM","Positive",2869.9,265.13
"232","Td80","7D","SHAM","Positive",1345.9,3449.8
"233","Td80","7D","SHAM","Positive",396.28,2883.5
"234","Td80","7D","SHAM","Positive",678.52,1792.4
"235","Td80","7D","SHAM","Negative",2415.4,2247.8
"236","Td80","7D","SHAM","Positive",2738,249.58
"237","Td80","7D","SHAM","Positive",3106.5,4473.8
"238","Td80","7D","SHAM","Negative",2377.6,5376.7
"239","Td80","7D","SHAM","Positive",1132.5,1165.4
"240","Td80","7D","SHAM","Positive",3005.5,238.83
"241","Td80","7D","SHAM","Positive",2941.1,431.46
"242","Td80","7D","SHAM","Positive",2502.5,503.16
"243","Td80","7D","SHAM","Negative",482.19,3484.3
"244","Td80","7D","SHAM","Positive",1047.6,4163.6
"245","Td80","7D","SHAM","Positive",453.45,2176
"246","Td80","7D","SHAM","Negative",1323.9,4943.6
"247","Td80","7D","SHAM","Positive",1948,3422.6
"248","Td80","7D","SHAM","Positive",3189.8,466.68
"249","Td80","7D","SHAM","Negative",1221.7,3241.4
"250","Td80","7D","SHAM","Positive",2563.5,5586.1
"251","Td80","7D","SHAM","Positive",2630.1,781.54
"252","Td80","7D","SHAM","Negative",3161.7,1264.1
"253","Td80","7D","SHAM","Positive",1044.7,4847.9
"254","Td80","7D","SHAM","Negative",2461.5,2844.4
"255","Td80","7D","SHAM","Negative",1770.7,2641.6
"256","Td80","7D","SHAM","Negative",1630.2,3898.8
"257","Td80","7D","SHAM","Positive",770.03,4061.7
"258","Td80","7D","SHAM","Positive",2899.6,259.31
"259","Td80","7D","SHAM","Positive",2960.7,5742.5
"260","Td80","7D","SHAM","Negative",2479,4490.9
"261","Td80","7D","SHAM","Positive",2273.9,1209.6
"262","Td80","7D","SHAM","Negative",451.2,2261.4
"263","Td80","7D","SHAM","Positive",2577.3,475.13
"264","Td80","7D","SHAM","Positive",2398.1,3634.1
"265","Td80","7D","SHAM","Positive",2525.5,5985.1
"266","Td80","7D","SHAM","Negative",2441.6,3440.1
"267","Td80","7D","SHAM","Positive",1402.7,622.38
"268","Td80","7D","SHAM","Negative",2772.4,4123.4
"269","Td80","7D","SHAM","Positive",116.85,1915.2
"270","Td80","7D","SHAM","Positive",1879.6,2790.6
"271","Td80","7D","SHAM","Negative",1208.2,4086.5
"272","Td80","7D","SHAM","Positive",2937.4,4607.8
"273","Td80","7D","SHAM","Positive",401.38,3340.5
"274","Td80","7D","SHAM","Negative",2521.4,4903.1
"275","Td80","7D","SHAM","Negative",2770.1,3670.8
"276","Td80","7D","SHAM","Positive",1852.6,507.01
"277","Td80","7D","SHAM","Negative",2461.8,2474.5
"278","Td80","7D","SHAM","Positive",1844.8,5539
"279","Td80","7D","SHAM","Negative",1613.2,4258.8
"280","Td80","7D","SHAM","Negative",1860.5,559.6
"281","Td80","7D","SHAM","Positive",1744.5,1741.6
"282","Td80","7D","SHAM","Positive",1789.7,458.93
"283","Td80","7D","SHAM","Positive",1830.9,2757.2
"284","Td80","7D","SHAM","Positive",1269.1,923.97
"285","Td80","7D","SHAM","Negative",511.64,3326.3
"286","Td80","7D","SHAM","Negative",1086.4,3658
"287","Td80","7D","SHAM","Negative",1157.7,2881.2
"288","Td80","7D","SHAM","Positive",1560.5,1134
"289","Td80","7D","SHAM","Positive",1012.4,4460.5
"290","Td80","7D","SHAM","Positive",2037.7,2209.8
"291","Td80","7D","SHAM","Negative",1246.8,2020.4
"292","Td80","7D","SHAM","Negative",887.4,2637.9
"293","Td80","7D","SHAM","Negative",2780.9,3403.2
"294","Td80","7D","SHAM","Negative",1640.7,3935.2
"295","Td80","7D","SHAM","Positive",3036.7,274.39
"296","Td80","7D","SHAM","Positive",1416,436.39
"297","Td80","7D","SHAM","Positive",1168.2,3581
"298","Td80","7D","SHAM","Negative",390.48,2930.7
"299","Td80","7D","SHAM","Negative",2743.3,5005.8
"300","Td80","7D","SHAM","Positive",1663,5349.2
"301","Td80","7D","SHAM","Positive",2197.7,5287.9
"302","Td80","7D","SHAM","Positive",1150.3,2239.3
"303","Td80","7D","SHAM","Positive",210.18,3641.1
"304","Td80","7D","SHAM","Positive",189.75,3592.7
"305","Td80","7D","SHAM","Negative",3169.4,4112.3
"306","Td80","7D","SHAM","Positive",996.6,4819.4
"307","Td80","7D","SHAM","Negative",3166.6,2413.1
"308","Td80","7D","SHAM","Positive",1092.9,771.49
"309","Td80","7D","SHAM","Negative",3064.3,3193
"310","Td80","7D","SHAM","Positive",2862.4,645.37
"311","Td80","7D","SHAM","Negative",911.61,1788.3
"312","Td80","7D","SHAM","Negative",2387,2773.7
"313","Td80","7D","SHAM","Negative",2256.5,952.83
"314","Td80","7D","SHAM","Negative",285.53,2373.1
"315","Td80","7D","SHAM","Negative",1992.1,3625.2
"316","Td80","7D","SHAM","Positive",1137.6,4926.4
"317","Td80","7D","SHAM","Positive",2208.9,2013.2
"318","Td80","7D","SHAM","Positive",2142.6,3235.3
"319","Td80","7D","SHAM","Negative",1048.2,2885.8
"320","Td80","7D","SHAM","Positive",2875.2,317.26
"321","Td80","7D","SHAM","Positive",2348.4,434.24
"322","Td80","7D","SHAM","Positive",2302.3,3720.4
"323","Td80","7D","SHAM","Positive",2326.4,3673.9
"324","Td80","7D","SHAM","Negative",1968.4,884.78
"325","Td80","7D","SHAM","Positive",266.31,3728.5
"326","Td80","7D","SHAM","Positive",2256.4,1168.5
"327","Td80","7D","SHAM","Positive",2758.5,2352.1
"328","Td80","7D","SHAM","Positive",1118.9,766.59
"329","Td80","7D","SHAM","Positive",2602.1,4237.8
"330","Td80","7D","SHAM","Negative",2262,3193.4
"331","Td80","7D","SHAM","Negative",3163.4,808.35
"332","Td80","7D","SHAM","Positive",798.32,2532
"333","Td80","7D","SHAM","Negative",1445.7,4932
"334","Td80","7D","SHAM","Positive",2090.7,2350.6
"335","Td80","7D","SHAM","Negative",969.9,4286.7
"336","Td80","7D","SHAM","Negative",1343.9,4847.3
"337","Td80","7D","SHAM","Negative",605.89,1257.4
"338","Td80","7D","SHAM","Positive",1450.4,3703.2
"339","Td80","7D","SHAM","Negative",2654.8,2779.9
"340","Td80","7D","SHAM","Positive",1155.4,2667.8
"341","Td80","7D","SHAM","Positive",2498.2,1350.7
"342","Td80","7D","SHAM","Negative",2010.7,3555.1
"343","Td80","7D","SHAM","Positive",1879.8,4113.5
"344","Td80","7D","SHAM","Positive",2065,4070.5
"345","Td80","7D","SHAM","Negative",2043.8,5739.3
"346","Td80","7D","SHAM","Positive",1541.3,4308.5
"347","Td80","7D","SHAM","Negative",2186.4,3272.2
"348","Td80","7D","SHAM","Negative",2158.1,4592.6
"349","Td80","7D","SHAM","Negative",939.19,2041.3
"350","Td80","7D","SHAM","Negative",3146.5,737.41
"351","Td80","7D","SHAM","Negative",1596.7,1990.1
"352","Td80","7D","SHAM","Positive",1414.9,1041
"353","Td80","7D","SHAM","Positive",712.36,2965.4
"354","Td80","7D","SHAM","Positive",1178.2,2850
"355","Td80","7D","SHAM","Negative",2254.5,2313
"356","Td80","7D","SHAM","Negative",368.97,3235
"357","Td80","7D","SHAM","Negative",758.33,3391.9
"358","Td80","7D","SHAM","Negative",1767.7,5319.6
"359","Td80","7D","SHAM","Negative",743.99,3698.2
"360","Td80","7D","SHAM","Positive",1432.2,3449.7
"361","Td80","7D","SHAM","Positive",2579.5,6034.6
"362","Td80","7D","SHAM","Negative",1521.8,3056.8
"363","Td80","7D","SHAM","Positive",1359,3063.5
"364","Td80","7D","SHAM","Negative",2523,5253
"365","Td80","7D","SHAM","Negative",2316.5,5977.5
"366","Td80","7D","SHAM","Negative",1303,3115.1
"367","Td80","7D","SHAM","Negative",2435.9,3343.3
"368","Td80","7D","SHAM","Positive",1056.3,2850.8
"369","Td80","7D","SHAM","Positive",2145.5,378.08
"370","Td80","7D","SHAM","Positive",375.91,3919.5
"371","Td80","7D","SHAM","Negative",1784.6,2689.4
"372","Td80","7D","SHAM","Positive",1753.9,3649
"373","Td80","7D","SHAM","Negative",1300.3,4278.8
"374","Td80","7D","SHAM","Negative",2553.4,3101
"375","Td80","7D","SHAM","Negative",1606.7,1745.9
"376","Td80","7D","SHAM","Positive",2453.5,1221.4
"377","Td80","7D","SHAM","Positive",1051,2911.6
"378","Td80","7D","SHAM","Negative",2566.4,573.94
"379","Td80","7D","SHAM","Negative",2768.6,5603
"380","Td80","7D","SHAM","Negative",3059.3,429.26
"381","Td80","7D","SHAM","Negative",1223.4,3906.6
"382","Td80","7D","SHAM","Negative",2913.3,2591
"383","Td80","7D","SHAM","Positive",2531.4,4880.7
"384","Td80","7D","SHAM","Positive",2205.1,3521.4
"385","Td80","7D","SHAM","Negative",1056.3,4571.6
"386","Td80","7D","SHAM","Negative",2675.3,5988.5
"387","Td80","7D","SHAM","Positive",2719.9,305.87
"388","Td80","7D","SHAM","Negative",2864.8,782.14
"389","Td80","7D","SHAM","Negative",2863.2,3552.6
"390","Td80","7D","SHAM","Negative",863.81,2692.9
"391","Td80","7D","SHAM","Positive",2189,499.23
"392","Td80","7D","SHAM","Positive",3106.4,220.34
"393","Td80","7D","SHAM","Positive",1995.9,3369.5
"394","Td80","7D","SHAM","Negative",1632.6,4673.3
"395","Td80","7D","SHAM","Positive",981.23,1531.9
"396","Td80","7D","SHAM","Positive",2014.6,1717.4
"397","Td80","7D","SHAM","Negative",1891.5,1613.1
"398","Td80","7D","SHAM","Negative",1171.4,4105.6
"399","Td80","7D","SHAM","Positive",1773,1074.9
"400","Td80","7D","SHAM","Positive",1637.3,3020.2
"401","Td80","7D","SHAM","Positive",2267.9,457.12
"402","Td80","7D","SHAM","Negative",1953.2,2383.7
"403","Td80","7D","SHAM","Negative",1976.2,2232
"404","Td80","7D","SHAM","Positive",1727.5,994.95
"405","Td80","7D","SHAM","Negative",1648.8,4939.1
"406","Td80","7D","SHAM","Positive",819.55,1253.1
"407","Td80","7D","SHAM","Positive",1078.4,3636.2
"408","Td80","7D","SHAM","Positive",1254.9,4889.2
"409","Td80","7D","SHAM","Positive",1932.2,2269.8
"410","Td80","7D","SHAM","Negative",639.24,2396.9
"411","Td80","7D","SHAM","Positive",1640.9,5045
"412","Td80","7D","SHAM","Negative",124.51,3013.4
"413","Td80","7D","SHAM","Negative",265,1920.7
"414","Td80","7D","SHAM","Positive",1718.5,1078.6
"415","Td80","7D","SHAM","Negative",2100,5206.1
"416","Td80","7D","SHAM","Negative",2254.7,2603.4
"417","Td80","7D","SHAM","Negative",2664.3,1898.6
"418","Td80","7D","SHAM","Negative",3063.5,1943
"419","Td80","7D","SHAM","Negative",1238.7,4149.1
"420","Td80","7D","SHAM","Positive",2444.1,2422.6
"421","Td80","7D","SHAM","Negative",2546.7,3870.3
"422","Td80","7D","SHAM","Negative",3133.9,898.41
"423","Td80","7D","SHAM","Positive",2689.2,4706.9
"424","Td80","7D","SHAM","Negative",2645.8,1140.9
"425","Td80","7D","SHAM","Negative",1050.4,2357.1
"426","Td80","7D","SHAM","Negative",1083.7,2778.1
"427","Td80","7D","SHAM","Negative",2866.7,2339.5
"428","Td80","7D","SHAM","Negative",1873.6,2286.6
"429","Td80","7D","SHAM","Negative",2581.5,1893
"430","Td80","7D","SHAM","Negative",2289.3,4182.4
"431","Td80","7D","SHAM","Positive",2555.9,2440.8
"432","Td80","7D","SHAM","Negative",367.24,2864.5
"433","Td80","7D","SHAM","Negative",250.88,2356.3
"434","Td80","7D","SHAM","Negative",252.51,3194.2
"435","Td80","7D","SHAM","Negative",2082.2,3476.9
"436","Td80","7D","SHAM","Positive",2307.6,433.47
"437","Td80","7D","SHAM","Negative",2615.6,2437.7
"438","Td80","7D","SHAM","Negative",1861.4,3185.6
"439","Td80","7D","SHAM","Negative",1385.1,2112.2
"440","Td80","7D","SHAM","Positive",2528.1,592.15
"441","Td80","7D","SHAM","Positive",3176.2,1838.2
"442","Td80","7D","SHAM","Negative",1978.2,2756.4
"443","Td80","7D","SHAM","Negative",1362.4,3291.7
"444","Td80","7D","SHAM","Positive",1486.7,4844.9
"445","Td80","7D","SHAM","Positive",1858.8,4496.7
"446","Td80","7D","SHAM","Negative",2710.7,5612.9
"447","Td80","7D","SHAM","Negative",2312.3,790.63
"448","Td80","7D","SHAM","Negative",2190.7,5008.6
"449","Td80","7D","SHAM","Negative",2049.8,3906.6
"450","Td80","7D","SHAM","Positive",1841.6,3771.3
"451","Td80","7D","SHAM","Positive",309.11,3302.2
"452","Td80","7D","SHAM","Negative",1271.2,2879.9
"453","Td80","7D","SHAM","Positive",1096.5,1401.9
"454","Td80","7D","SHAM","Negative",2122.2,2403.8
"455","Td80","7D","SHAM","Negative",1137.3,1999.4
"456","Td80","7D","SHAM","Negative",2654.1,3657.4
"457","Td80","7D","SHAM","Negative",1980.5,776.43
"458","Td80","7D","SHAM","Negative",2569.7,2520
"459","Td80","7D","SHAM","Positive",1497.8,452.48
"460","Td80","7D","SHAM","Negative",3188.2,2577.2
"461","Td80","7D","SHAM","Positive",2363.5,381.83
"462","Td80","7D","SHAM","Negative",2734.7,3866.9
"463","Td80","7D","SHAM","Negative",2758.8,237.59
"464","Td80","7D","SHAM","Positive",2280,771.35
"465","Td80","7D","SHAM","Negative",3135.1,1843.6
"466","Td80","7D","SHAM","Negative",186.84,2052.7
"467","Td80","7D","SHAM","Negative",2031.9,3451.7
"468","Td80","7D","SHAM","Negative",2014.6,3087.5
"469","Td80","7D","SHAM","Negative",2612.4,4571.5
"470","Td80","7D","SHAM","Positive",321.06,2528.1
"471","Td80","7D","SHAM","Negative",1885.1,2567.5
"472","Td80","7D","SHAM","Positive",537.15,1502.9
"473","Td80","7D","SHAM","Negative",928.6,1155.1
"474","Td80","7D","SHAM","Negative",1778.4,3163.3
"475","Td80","7D","SHAM","Positive",2018.7,399.8
"476","Td80","7D","SHAM","Negative",2561.4,810.47
"477","Td80","7D","SHAM","Negative",1889.4,2058.3
"478","Td80","7D","SHAM","Negative",2572.2,5376.2
"479","Td80","7D","SHAM","Negative",2478.1,3328.6
"480","Td80","7D","SHAM","Positive",2461.7,478.13
"481","Td80","7D","SHAM","Negative",280.85,3010.6
"482","Td80","7D","SHAM","Positive",3026.5,3749.3
"483","Td80","7D","SHAM","Positive",1190.3,3634.3
"484","Td80","7D","SHAM","Negative",1325.4,3570.9
"485","Td80","7D","SHAM","Negative",2527,4321.5
"486","Td80","7D","SHAM","Positive",1181,3605.9
"487","Td80","7D","SHAM","Negative",2702.4,4211.5
"488","Td80","7D","SHAM","Negative",2025.7,5714.9
"489","Td80","7D","SHAM","Positive",2127.6,3288
"490","Td80","7D","SHAM","Positive",3101.4,281.29
"491","Td80","7D","SHAM","Positive",2862.3,1055.4
"492","Td80","7D","SHAM","Negative",3151.8,1975.6
"493","Td80","7D","SHAM","Negative",2102.4,4299
"494","Td80","7D","SHAM","Positive",768.15,2813.7
"495","Td80","7D","SHAM","Negative",2256.3,3518.5
"496","Td80","7D","SHAM","Negative",2182,5608
"497","Td80","7D","SHAM","Negative",1252.8,4211.5
"498","Td80","7D","SHAM","Negative",3142,3877.9
"499","Td80","7D","SHAM","Negative",330.54,3770.9
"500","Td80","7D","SHAM","Negative",1229.6,1932.8
"501","Td80","7D","SHAM","Negative",1613.9,2430.4
"502","Td80","7D","SHAM","Positive",1915.6,3948.6
"503","Td80","7D","SHAM","Negative",265.87,2101.7
"504","Td80","7D","SHAM","Negative",2518.8,4085.9
"505","Td80","7D","SHAM","Negative",2026.8,2547.5
"506","Td80","7D","SHAM","Negative",2826.1,5530
"507","Td80","7D","SHAM","Negative",2618.9,3538.6
"508","Td80","7D","SHAM","Negative",1740.6,3603.5
"509","Td80","7D","SHAM","Negative",2668.2,3603.2
"510","Td80","7D","SHAM","Negative",400.08,2584.6
"511","Td80","7D","SHAM","Negative",1122.9,1845.2
"512","Td80","7D","SHAM","Negative",1353.1,4453
"513","Td80","7D","SHAM","Positive",3096.7,231.68
"514","Td80","7D","SHAM","Positive",1976.5,5646.4
"515","Td80","7D","SHAM","Negative",1606.2,4975
"516","Td80","7D","SHAM","Negative",869.65,2547.7
"517","Td80","7D","SHAM","Negative",127.52,2903.3
"518","Td80","7D","SHAM","Negative",1212.8,1140.6
"519","Td80","7D","SHAM","Negative",2270.2,4809
"520","Td80","7D","SHAM","Negative",1106.8,2928.5
"521","Td80","7D","SHAM","Positive",2881.5,296.37
"522","Td80","7D","SHAM","Negative",1566.1,4522.9
"523","Td80","7D","SHAM","Negative",485.6,2825.8
"524","Td80","7D","SHAM","Positive",1915.1,1414.4
"525","Td80","7D","SHAM","Negative",2379,304.69
"526","Td80","7D","SHAM","Negative",487.82,2173.8
"527","Td80","7D","SHAM","Negative",2623.1,2361
"528","Td80","7D","SHAM","Negative",2576.6,4491.4
"529","Td80","7D","SHAM","Positive",2697.8,472.69
"530","Td80","7D","SHAM","Positive",2572.1,431.74
"531","Td80","7D","SHAM","Negative",1876.1,4769.5
"532","Td80","7D","SHAM","Negative",829.56,4220.3
"533","Td80","7D","SHAM","Positive",3167.9,320.91
"534","Td80","7D","SHAM","Negative",2728.9,924.51
"535","Td80","7D","SHAM","Negative",1932.3,3587.3
"536","Td80","7D","SHAM","Negative",2509.4,1481.7
"537","Td80","7D","SHAM","Negative",1152.1,1569.3
"538","Td80","7D","SHAM","Positive",3116.1,205.23
"539","Td80","7D","SHAM","Negative",683.82,2977.9
"540","Td80","7D","SHAM","Negative",440.45,3606.9
"541","Td80","7D","SHAM","Negative",1377.9,4944.1
"542","Td80","7D","SHAM","Negative",1858.4,2150.9
"543","Td80","7D","SHAM","Negative",1428.7,3003.1
"544","Td80","7D","SHAM","Negative",2377.7,3238.7
"545","Td80","7D","SHAM","Positive",2502.4,2567.4
"546","Td80","7D","SHAM","Negative",406.86,3228.1
"547","Td80","7D","SHAM","Negative",1840.9,670.51
"548","Td80","7D","SHAM","Positive",711.35,2032.7
"549","Td80","7D","SHAM","Negative",869.95,2198.5
"550","Td80","7D","SHAM","Negative",3181.6,4939.3
"551","Td80","7D","SHAM","Negative",1698.5,3130.1
"552","Td80","7D","SHAM","Negative",2775.6,3548.9
"553","Td80","7D","SHAM","Negative",2474,3396.2
"554","Td80","7D","SHAM","Negative",839.35,4057
"555","Td80","7D","SHAM","Negative",2097.2,2999.1
"556","Td80","7D","SHAM","Negative",2985.6,2402.7
"557","Td80","7D","SHAM","Positive",1950.3,5639.8
"558","Td80","7D","SHAM","Positive",590.94,1133
"559","Td80","7D","SHAM","Negative",2172.8,3662.7
"560","Td80","7D","SHAM","Negative",2895.2,3640.8
"561","Td80","7D","SHAM","Negative",2492.2,2664.3
"562","Td80","7D","SHAM","Negative",1514.9,2364.2
"563","Td80","7D","SHAM","Negative",310.5,2612.9
"564","Td80","7D","SHAM","Negative",1360.9,3825.6
"565","Td80","7D","SHAM","Positive",200.6,3574
"566","Td80","7D","SHAM","Negative",2069.3,2826.5
"567","Td80","7D","SHAM","Negative",1543.6,3586.6
"568","Td80","7D","SHAM","Positive",2811.6,616.53
"569","Td80","7D","SHAM","Negative",1324.6,4822.7
"570","Td80","7D","SHAM","Negative",1484.2,1766.8
"571","Td80","7D","SHAM","Negative",2063.9,3796
"572","Td80","7D","SHAM","Negative",2370.8,2389.7
"573","Td80","7D","SHAM","Positive",2585.9,439.63
"574","Td80","7D","SHAM","Negative",1084,2541
"575","Td80","7D","SHAM","Positive",2199.7,3169.9
"576","Td80","7D","SHAM","Negative",2857.7,976.01
"577","Td80","7D","SHAM","Negative",1524.4,3626
"578","Td80","7D","SHAM","Negative",1844,2100.1
"579","Td80","7D","SHAM","Negative",2448.7,4281.7
"580","Td80","7D","SHAM","Negative",3165,4493.2
"581","Td80","7D","SHAM","Negative",2462.4,409.19
"582","Td80","7D","SHAM","Negative",1248.5,4224.6
"583","Td80","7D","SHAM","Negative",573.98,2215.2
"584","Td80","7D","SHAM","Negative",1665.9,5083
"585","Td80","7D","SHAM","Negative",2491.8,1229.1
"586","Td80","7D","SHAM","Positive",909.46,2642.8
"587","Td80","7D","SHAM","Negative",2765.2,5818.8
"588","Td80","7D","SHAM","Negative",1078.5,2001.6
"589","Td80","7D","SHAM","Negative",2600.7,3240
"590","Td80","7D","SHAM","Negative",2038.9,2770.3
"591","Td80","7D","SHAM","Negative",1559.7,1699.4
"592","Td80","7D","SHAM","Negative",2165,4454.7
"593","Td80","7D","SHAM","Negative",669.76,2722.4
"594","Td80","7D","SHAM","Positive",3165.4,161.78
"595","Td80","7D","SHAM","Positive",1938.9,427.53
"596","Td80","7D","SHAM","Positive",306.28,4142.6
"597","Td80","7D","SHAM","Negative",1470.2,3659.5
"598","Td80","7D","SHAM","Negative",1026.3,3032.8
"599","Td80","7D","SHAM","Negative",381.62,1937.5
"600","Td80","7D","SHAM","Positive",2686.6,308.84
"601","Td80","7D","SHAM","Positive",2416.1,3073.6
"602","Td80","7D","SHAM","Negative",1576.1,2997.8
"603","Td80","7D","SHAM","Negative",2062.1,4434.5
"604","Td80","7D","SHAM","Negative",1101.4,4683.7
"605","Td80","7D","SHAM","Negative",2281.9,2940.5
"606","Td80","7D","SHAM","Negative",740.51,4348.8
"607","Td80","7D","SHAM","Negative",2325.8,4900.8
"608","Td80","7D","SHAM","Negative",3019.7,4079.5
"609","Td80","7D","SHAM","Negative",477.15,2034.5
"610","Td80","7D","SHAM","Negative",1390.6,3552.6
"611","Td80","7D","SHAM","Negative",1587.9,2684.4
"612","Td80","7D","SHAM","Negative",3140.8,4629.2
"613","Td80","7D","SHAM","Negative",2988.1,2575.8
"614","Td80","7D","SHAM","Negative",2588.6,5873.1
"615","Td80","7D","SHAM","Negative",307.22,3441.9
"616","Td80","7D","SHAM","Positive",733.33,3496.8
"617","Td80","7D","SHAM","Negative",2437.9,3875.3
"618","Td80","7D","SHAM","Negative",2224.3,1113.8
"619","Td80","7D","SHAM","Negative",2656.5,3294.8
"620","Td80","7D","SHAM","Positive",2728.6,6028
"621","Td80","7D","SHAM","Negative",2805.8,320.84
"622","Td80","7D","SHAM","Negative",1968.5,3961.4
"623","Td80","7D","SHAM","Negative",2736.1,2285.2
"624","Td80","7D","SHAM","Positive",1887.5,2775.9
"625","Td80","7D","SHAM","Negative",1048.2,1565.1
"626","Td80","7D","SHAM","Positive",1504.2,1163.2
"627","Td80","7D","SHAM","Negative",2844.4,226.25
"628","Td80","7D","SHAM","Positive",1701.6,960.52
"629","Td80","7D","SHAM","Negative",2177.4,3078.1
"630","Td80","7D","SHAM","Positive",2064.9,1030.1
"631","Td80","7D","SHAM","Negative",1011.3,2695.4
"632","Td80","7D","SHAM","Negative",613.98,4409.7
"633","Td80","7D","SHAM","Negative",1180.8,1318.9
"634","Td80","7D","SHAM","Negative",2269.4,5862
"635","Td80","7D","SHAM","Negative",2014.4,3922.4
"636","Td80","7D","SHAM","Negative",577.96,2471.5
"637","Td80","7D","SHAM","Negative",1292.2,2164.5
"638","Td80","7D","SHAM","Positive",821.21,2956.6
"639","Td80","7D","SHAM","Positive",1738.6,1130.9
"640","Td80","7D","SHAM","Negative",2532.7,3738.7
"641","Td80","7D","SHAM","Negative",2849.1,3088.1
"642","Td80","7D","SHAM","Negative",464.14,1705.9
"643","Td80","7D","SHAM","Negative",2372.1,4812.1
"644","Td80","7D","SHAM","Positive",1949.6,4468.2
"645","Td80","7D","SHAM","Negative",522.06,2462.6
"646","Td80","7D","SHAM","Negative",668.14,3338.4
"647","Td80","7D","SHAM","Negative",274.11,2510.6
"648","Td80","7D","SHAM","Negative",1759.3,680.48
"649","Td80","7D","SHAM","Negative",1843.6,3556.5
"650","Td80","7D","SHAM","Negative",2180.2,4821.2
"651","Td80","7D","SHAM","Positive",1964.5,5236.4
"652","Td80","7D","SHAM","Positive",207.18,2635.2
"653","Td80","7D","SHAM","Negative",619.34,2680.1
"654","Td80","7D","SHAM","Negative",1727.2,5035.8
"655","Td80","7D","SHAM","Negative",1885.5,2989.4
"656","Td80","7D","SHAM","Negative",1214,1424.6
"657","Td80","7D","SHAM","Negative",1815.8,4823.2
"658","Td80","7D","SHAM","Negative",1190.1,1992.5
"659","Td80","7D","SHAM","Negative",1439.2,3319.3
"660","Td80","7D","SHAM","Negative",1845.6,4871.3
"661","Td80","7D","SHAM","Positive",741.14,983.06
"662","Td80","7D","SHAM","Negative",1548.8,3768.6
"663","Td80","7D","SHAM","Negative",965.75,1998.5
"664","Td80","7D","SHAM","Negative",873.85,2185
"665","Td80","7D","SHAM","Negative",1347.3,1413.9
"666","Td80","7D","SHAM","Negative",1315.2,3951.3
"667","Td80","7D","SHAM","Negative",2635.7,2839.1
"668","Td80","7D","SHAM","Positive",2076.2,4927.8
"669","Td80","7D","SHAM","Negative",1712.1,4893.5
"670","Td80","7D","SHAM","Negative",577.97,1985.9
"671","Td80","7D","SHAM","Positive",2085.6,2887.3
"672","Td80","7D","SHAM","Negative",888.79,2088.3
"673","Td80","7D","SHAM","Positive",1848.3,3349.2
"674","Td80","7D","SHAM","Negative",2700.2,1103.5
"675","Td80","7D","SHAM","Positive",2768.7,1184.5
"676","Td80","7D","SHAM","Negative",1396.4,2407.7
"677","Td80","7D","SHAM","Negative",2599,2170
"678","Td80","7D","SHAM","Negative",3152.1,4228.6
"679","Td80","7D","SHAM","Negative",1301.7,4307.8
"680","Td80","7D","SHAM","Negative",1625.3,2305
"681","Td80","7D","SHAM","Positive",2327.9,5971.4
"682","Td80","7D","SHAM","Positive",374.2,2911.2
"683","Td80","7D","SHAM","Negative",2319.3,2018.8
"684","Td80","7D","SHAM","Negative",1312.2,666.96
"685","Td80","7D","SHAM","Negative",2153.9,5221.8
"686","Td80","7D","SHAM","Negative",2021.6,1087.3
"687","Td80","7D","SHAM","Negative",2501.1,1151.4
"688","Td80","7D","SHAM","Negative",2225.6,3834.1
"689","Td80","7D","SHAM","Positive",2470.1,3177.3
"690","Td80","7D","SHAM","Negative",231.17,2736.4
"691","Td80","7D","SHAM","Negative",970.41,1376.6
"692","Td80","7D","SHAM","Negative",1972.2,2020
"693","Td80","7D","SHAM","Negative",1447.1,4432.3
"694","Td80","7D","SHAM","Negative",2710.9,3155.3
"695","Td80","7D","SHAM","Negative",1789.3,3408.8
"696","Td80","7D","SHAM","Negative",2577.5,717.31
"697","Td80","7D","SHAM","Negative",2717,2779.1
"698","Td80","7D","SHAM","Negative",1350.1,2961.5
"699","Td80","7D","SHAM","Negative",1133.9,1886.5
"700","Td80","7D","SHAM","Negative",2148.3,5283
"701","Td80","7D","SHAM","Negative",656.14,1256.9
"702","Td80","7D","SHAM","Positive",2632.3,602.9
"703","Td80","7D","SHAM","Negative",2602.9,3949.5
"704","Td80","7D","SHAM","Negative",317.4,2543.4
"705","Td80","7D","SHAM","Negative",755.08,3338.3
"706","Td80","7D","SHAM","Positive",2520.5,4886
"707","Td80","7D","SHAM","Negative",1634.4,2780.2
"708","Td80","7D","SHAM","Negative",2815.3,147.64
"709","Td80","7D","SHAM","Negative",2665.6,4912.9
"710","Td80","7D","SHAM","Negative",489.45,4010.1
"711","Td80","7D","SHAM","Negative",1847.5,3074
"712","Td80","7D","SHAM","Negative",258.65,3548.3
"713","Td80","7D","SHAM","Negative",1201,1499.5
"714","Td80","7D","SHAM","Positive",2356.9,489.1
"715","Td80","7D","SHAM","Negative",2793.3,3929.5
"716","Td80","7D","SHAM","Negative",1049.3,3711.4
"717","Td80","7D","SHAM","Positive",958.88,2757.8
"718","Td80","7D","SHAM","Negative",2210.6,3668.9
"719","Td80","7D","SHAM","Negative",292.47,2007.5
"720","Td80","7D","SHAM","Positive",1193.1,2100.8
"721","Td80","7D","SHAM","Negative",143.89,2433.7
"722","Td80","7D","SHAM","Negative",1902.6,2852.6
"723","Td80","7D","SHAM","Negative",1777,3133.2
"724","Td80","7D","SHAM","Negative",434.04,3185.5
"725","Td80","7D","SHAM","Negative",1636.3,1362.6
"726","Td80","7D","SHAM","Negative",1486.3,2549.5
"727","Td80","7D","SHAM","Positive",1637.3,3153.2
"728","Td80","7D","SHAM","Negative",1916.9,3897.9
"729","Td80","7D","SHAM","Negative",1078.9,2420
"730","Td80","7D","SHAM","Negative",2813.4,2259.8
"731","Td80","7D","SHAM","Negative",2664.1,4039.8
"732","Td80","7D","SHAM","Negative",966.41,4654.1
"733","Td80","7D","SHAM","Negative",305.33,3026.8
"734","Td80","7D","SHAM","Negative",2276,1546.2
"735","Td80","7D","SHAM","Negative",1483.1,3812.7
"736","Td80","7D","SHAM","Negative",888.87,905.78
"737","Td80","7D","SHAM","Positive",857.98,901.62
"738","Td80","7D","SHAM","Negative",2060.6,2778.7
"739","Td80","7D","SHAM","Positive",2211.7,3929.1
"740","Td80","7D","SHAM","Negative",1755.9,3298.6
"741","Td80","7D","SHAM","Positive",1774.4,2389
"742","Td80","7D","SHAM","Negative",1352.6,782.39
"743","Td80","7D","SHAM","Negative",866.35,3463.5
"744","Td80","7D","SHAM","Negative",2569.5,2398.4
"745","Td80","7D","SHAM","Positive",2937,910.48
"746","Td80","7D","SHAM","Negative",2430.7,995.94
"747","Td80","7D","SHAM","Negative",3187.5,6020.5
"748","Td80","7D","SHAM","Negative",1889.5,546.78
"749","Td80","7D","SHAM","Negative",893.77,2947.3
"750","Td80","7D","SHAM","Negative",2502.1,4441.9
"751","Td80","7D","SHAM","Positive",2854.6,310.12
"752","Td80","7D","SHAM","Negative",1469.9,4769.1
"753","Td80","7D","SHAM","Negative",2931,2150.6
"754","Td80","7D","SHAM","Negative",1275,3805.1
"755","Td80","7D","SHAM","Positive",2220,924.08
"756","Td80","7D","SHAM","Negative",2921.9,4351.8
"757","Td80","7D","SHAM","Negative",2424.4,5000.6
"758","Td80","7D","SHAM","Positive",313.71,3819.3
"759","Td80","7D","SHAM","Positive",2951,245.04
"760","Td80","7D","SHAM","Negative",2363.5,4233.8
"761","Td80","7D","SHAM","Negative",1397.2,1915.1
"762","Td80","7D","SHAM","Negative",2699.4,4489
"763","Td80","7D","SHAM","Negative",1789.2,5463.4
"764","Td80","7D","SHAM","Negative",925.44,2103.5
"765","Td80","7D","SHAM","Negative",1097,1715.3
"766","Td80","7D","SHAM","Negative",2570.2,3662.6
"767","Td80","7D","SHAM","Negative",495.33,3291.1
"768","Td80","7D","SHAM","Negative",2359.8,1385.6
"769","Td80","7D","SHAM","Negative",604.62,1522.3
"770","Td80","7D","SHAM","Negative",832.38,2410.1
"771","Td80","7D","SHAM","Negative",2268.7,2461
"772","Td80","7D","SHAM","Negative",818.08,2380.5
"773","Td80","7D","SHAM","Negative",399.09,2036.5
"774","Td80","7D","SHAM","Negative",2454.1,6025.8
"775","Td80","7D","SHAM","Negative",1512.6,1446.8
"776","Td80","7D","SHAM","Positive",3154.9,4160.5
"777","Td80","7D","SHAM","Negative",2733.4,2187.6
"778","Td80","7D","SHAM","Negative",3007,6038.1
"779","Td80","7D","SHAM","Negative",1453.3,3361.7
"780","Td80","7D","SHAM","Positive",3059.2,824.17
"781","Td80","7D","SHAM","Negative",2193.5,540.37
"782","Td80","7D","SHAM","Positive",2388.2,2929.4
"783","Td80","7D","SHAM","Negative",1063.3,820.79
"784","Td80","7D","SHAM","Negative",75.29,2662.9
"785","Td80","7D","SHAM","Negative",273.87,3233.9
"786","Td80","7D","SHAM","Negative",3148.8,3951.1
"787","Td80","7D","SHAM","Negative",1037.9,1824.8
"788","Td80","7D","SHAM","Positive",1987.9,439.45
"789","Td80","7D","SHAM","Negative",207.26,3438.9
"790","Td80","7D","SHAM","Negative",1600.6,1901.5
"791","Td80","7D","SHAM","Negative",544.78,4064
"792","Td80","7D","SHAM","Negative",2007.6,965.34
"793","Td80","7D","SHAM","Negative",1675.6,3593.3
"794","Td80","7D","SHAM","Negative",490.86,3948.5
"795","Td80","7D","SHAM","Negative",1926.9,974.11
"796","Td80","7D","SHAM","Negative",2397.3,3677.3
"797","Td80","7D","SHAM","Negative",734.15,4312.8
"798","Td80","7D","SHAM","Negative",502.62,2538.8
"799","Td80","7D","SHAM","Negative",1924.5,3172.7
"800","Td80","7D","SHAM","Positive",529.41,2992.3
"801","Td80","7D","SHAM","Negative",2626,4744.4
"802","Td80","7D","SHAM","Negative",2187.4,4011.7
"803","Td80","7D","SHAM","Negative",1372,4079.7
"804","Td80","7D","SHAM","Negative",662.62,1106.5
"805","Td80","7D","SHAM","Negative",1984.5,4940
"806","Td80","7D","SHAM","Negative",2014.6,2150
"807","Td80","7D","SHAM","Negative",447.91,1382.6
"808","Td80","7D","SHAM","Negative",1557.5,4679.8
"809","Td80","7D","SHAM","Negative",665.54,1547.1
"810","Td80","7D","SHAM","Negative",2997,3515.4
"811","Td80","7D","SHAM","Negative",1980.3,3032.9
"812","Td80","7D","SHAM","Negative",2438.5,3465.1
"813","Td80","7D","SHAM","Negative",3139.7,2665.3
"814","Td80","7D","SHAM","Negative",2237.1,4221.9
"815","Td80","7D","SHAM","Negative",1278.2,4028.6
"816","Td80","7D","SHAM","Negative",1823.2,2775.2
"817","Td80","7D","SHAM","Negative",2981.4,2885.1
"818","Td80","7D","SHAM","Negative",370.24,2242.4
"819","Td80","7D","SHAM","Negative",2129.3,4239.2
"820","Td80","7D","SHAM","Negative",2784.7,4467.8
"821","Td80","7D","SHAM","Negative",2872.2,4569.5
"822","Td80","7D","SHAM","Positive",3081.5,664.98
"823","Td80","7D","SHAM","Positive",2752.1,290.56
"824","Td80","7D","SHAM","Negative",2022,4790.6
"825","Td80","7D","SHAM","Negative",2708.6,2116.9
"826","Td80","7D","SHAM","Negative",2356.1,4087.5
"827","Td80","7D","SHAM","Negative",1397.5,3402.8
"828","Td80","7D","SHAM","Negative",3184.7,5865.6
"829","Td80","7D","SHAM","Negative",447.45,2634.7
"830","Td80","7D","SHAM","Negative",2000.9,1278.8
"831","Td80","7D","SHAM","Negative",721.28,2022.9
"832","Td80","7D","SHAM","Negative",2405.5,4461.1
"833","Td80","7D","SHAM","Negative",2317.9,369.26
"834","Td80","7D","SHAM","Negative",1247.5,2968.4
"835","Td80","7D","SHAM","Positive",2769.4,5933.3
"836","Td80","7D","SHAM","Positive",916.39,1408.3
"837","Td80","7D","SHAM","Negative",527.82,2639.7
"838","Td80","7D","SHAM","Negative",1322,2604.6
"839","Td80","7D","SHAM","Negative",1813.6,5480.7
"840","Td80","7D","SHAM","Negative",1442,3789
"841","Td80","7D","SHAM","Negative",2740.9,396.37
"842","Td80","7D","SHAM","Negative",2294.4,4915.5
"843","Td80","7D","SHAM","Negative",1537,3127.6
"844","Td80","7D","SHAM","Negative",2344,2602.1
"845","Td80","7D","SHAM","Negative",1822.2,5123.4
"846","Td80","7D","SHAM","Positive",1833.8,3519.4
"847","Td80","7D","SHAM","Negative",2462.2,4610.8
"848","Td80","7D","SHAM","Negative",650.25,2324.1
"849","Td80","7D","SHAM","Negative",960.81,1567.1
"850","Td80","7D","SHAM","Negative",1438.7,4442.8
"851","Td80","7D","SHAM","Negative",717.98,1519.1
"852","Td80","7D","SHAM","Negative",1809.2,4194.6
"853","Td80","7D","SHAM","Negative",960.05,992.34
"854","Td80","7D","SHAM","Negative",1109,3587.6
"855","Td80","7D","SHAM","Negative",2179.2,4108.7
"856","Td80","7D","SHAM","Positive",1996.3,464.9
"857","Td80","7D","SHAM","Positive",2315.3,528.65
"858","Td80","7D","SHAM","Negative",176.28,2283.4
"859","Td80","7D","SHAM","Negative",1018.2,1854.7
"860","Td80","7D","SHAM","Negative",1832.5,1324.1
"861","Td80","7D","SHAM","Positive",2519.6,259.55
"862","Td80","7D","SHAM","Negative",2804.8,4064.1
"863","Td80","7D","SHAM","Negative",791.63,4149.3
"864","Td80","7D","SHAM","Negative",906.1,1447.8
"865","Td80","7D","SHAM","Negative",2623.1,5041.9
"866","Td80","7D","SHAM","Negative",495.08,3651.1
"867","Td80","7D","SHAM","Negative",3067.4,4504.6
"868","Td80","7D","SHAM","Positive",1741.9,1755.2
"869","Td80","7D","SHAM","Negative",2482.3,5514.9
"870","Td80","7D","SHAM","Negative",1471.7,2709.4
"871","Td80","7D","SHAM","Negative",1065.3,2731.5
"872","Td80","7D","SHAM","Negative",1303.5,3165.3
"873","Td80","7D","SHAM","Negative",791,1921.5
"874","Td80","7D","SHAM","Negative",918.73,3401.6
"875","Td80","7D","SHAM","Negative",1317.9,2462.1
"876","Td80","7D","SHAM","Negative",1000.6,3848.6
"877","Td80","7D","SHAM","Positive",1116.8,4898.4
"878","Td80","7D","SHAM","Negative",1756,2325.2
"879","Td80","7D","SHAM","Negative",2238.4,4301.2
"880","Td80","7D","SHAM","Negative",1022.2,3648.3
"881","Td80","7D","SHAM","Positive",2047.7,3054.3
"882","Td80","7D","SHAM","Negative",2377.9,4669.3
"883","Td80","7D","SHAM","Negative",3093.6,6057.3
"884","Td80","7D","SHAM","Positive",617.65,2146.8
"885","Td80","7D","SHAM","Negative",86.2,2891.4
"886","Td80","7D","SHAM","Negative",1658.6,1297.7
"887","Td80","7D","SHAM","Negative",427.72,2214.6
"888","Td80","7D","SHAM","Negative",2930.2,5110.7
"889","Td80","7D","SHAM","Negative",1971.4,5428.1
"890","Td80","7D","SHAM","Negative",279.45,2447.6
"891","Td80","7D","SHAM","Negative",827.35,2359.3
"892","Td80","7D","SHAM","Negative",1760.8,4346.1
"893","Td80","7D","SHAM","Negative",931.5,2943.7
"894","Td80","7D","SHAM","Negative",1512.8,2866.4
"895","Td80","7D","SHAM","Negative",2487.5,3687
"896","Td80","7D","SHAM","Negative",2662,1672.6
"897","Td80","7D","SHAM","Positive",2345.1,2835
"898","Td80","7D","SHAM","Negative",390.58,1852.6
"899","Td80","7D","SHAM","Positive",3060.1,221.23
"900","Td80","7D","SHAM","Positive",1658.9,3265.5
"901","Td80","7D","SHAM","Positive",2095.2,2162
"902","Td80","7D","SHAM","Negative",2824.9,629.8
"903","Td80","7D","SHAM","Negative",893.74,4669.5
"904","Td80","7D","SHAM","Negative",3066.7,3435.9
"905","Td80","7D","SHAM","Positive",796.76,1762.3
"906","Td80","7D","SHAM","Negative",866.14,3058.8
"907","Td80","7D","SHAM","Negative",930.68,3190.7
"908","Td80","7D","SHAM","Negative",1894,2470.6
"909","Td80","7D","SHAM","Negative",877.57,3520.2
"910","Td80","7D","SHAM","Negative",2295.4,4768.1
"911","Td80","7D","SHAM","Negative",1871.4,2387.7
"912","Td80","7D","SHAM","Negative",1809.6,3842.6
"913","Td80","7D","SHAM","Negative",960.03,3800.5
"914","Td80","7D","SHAM","Negative",3020.4,2774.7
"915","Td80","7D","SHAM","Negative",1646.5,3066.1
"916","Td80","7D","SHAM","Negative",2798.3,3235.2
"917","Td80","7D","SHAM","Negative",2403.5,4361.8
"918","Td80","7D","SHAM","Negative",713.11,4215.3
"919","Td80","7D","SHAM","Negative",2380,5183.3
"920","Td80","7D","SHAM","Negative",1344.9,3654
"921","Td80","7D","SHAM","Negative",2548.3,4450.2
"922","Td80","7D","SHAM","Positive",1798.9,688.65
"923","Td80","7D","SHAM","Negative",739.24,1413.9
"924","Td80","7D","SHAM","Positive",2310.2,1560.1
"925","Td80","7D","SHAM","Negative",2683.3,3522.7
"926","Td80","7D","SHAM","Negative",648.46,2472.3
"927","Td80","7D","SHAM","Negative",2283.7,5479.3
"928","Td80","7D","SHAM","Negative",1488.7,3593.6
"929","Td80","7D","SHAM","Positive",986.6,1920.4
"930","Td80","7D","SHAM","Negative",2188.8,4705.9
"931","Td80","7D","SHAM","Negative",1078.2,2057.9
"932","Td80","7D","SHAM","Positive",2682.4,5234.5
"933","Td80","7D","SHAM","Positive",384.61,4209.8
"934","Td80","7D","SHAM","Negative",2710.1,5905.7
"935","Td80","7D","SHAM","Negative",1726.7,4150.9
"936","Td80","7D","SHAM","Negative",1842.4,1100
"937","Td80","7D","SHAM","Negative",1930.8,3534
"938","Td80","7D","SHAM","Negative",2159.8,1910.7
"939","Td80","7D","SHAM","Negative",2941.9,4688.4
"940","Td80","7D","SHAM","Negative",395.82,3070.9
"941","Td80","7D","SHAM","Negative",2452.7,935.19
"942","Td80","7D","SHAM","Negative",3090.1,2465.6
"943","Td80","7D","SHAM","Negative",1274.5,3717.6
"944","Td80","7D","SHAM","Negative",1125.4,1333.5
"945","Td80","7D","SHAM","Negative",2108.3,1305.4
"946","Td80","7D","SHAM","Negative",1917.4,3257.9
"947","Td80","7D","SHAM","Negative",3033.1,3052.9
"948","Td80","7D","SHAM","Negative",2561.7,742.2
"949","Td80","7D","SHAM","Positive",2837.5,2378.7
"950","Td80","7D","SHAM","Negative",2155.7,3624.5
"951","Td80","7D","SHAM","Negative",1431,1722.1
"952","Td80","7D","SHAM","Negative",1045.9,2160.9
"953","Td80","7D","SHAM","Negative",2066.6,3379.4
"954","Td80","7D","SHAM","Negative",1621.8,4777
"955","Td80","7D","SHAM","Negative",1161.5,2494.6
"956","Td80","7D","SHAM","Negative",1329.3,4911.3
"957","Td80","7D","SHAM","Negative",1496,4916.1
"958","Td80","7D","SHAM","Negative",970.04,2601.2
"959","Td80","7D","SHAM","Negative",676.61,1873.2
"960","Td80","7D","SHAM","Negative",2542.4,3477.5
"961","Td80","7D","SHAM","Negative",2984.4,2702.8
"962","Td80","7D","SHAM","Negative",896.09,2878.5
"963","Td80","7D","SHAM","Negative",2477.4,6012.4
"964","Td80","7D","SHAM","Negative",1320.5,3519.2
"965","Td80","7D","SHAM","Negative",2540.9,6006.3
"966","Td80","7D","SHAM","Negative",1371.8,2207.3
"967","Td80","7D","SHAM","Negative",1925.2,5152.4
"968","Td80","7D","SHAM","Negative",1992,4526.1
"969","Td80","7D","SHAM","Negative",2957.7,5276.4
"970","Td80","7D","SHAM","Negative",975.51,1582.9
"971","Td80","7D","SHAM","Negative",1367,3576.4
"972","Td80","7D","SHAM","Negative",987.67,4699
"973","Td80","7D","SHAM","Negative",265.91,1952.7
"974","Td80","7D","SHAM","Negative",1339.3,680.64
"975","Td80","7D","SHAM","Negative",189.02,3502
"976","Td80","7D","SHAM","Negative",3037.6,3542.4
"977","Td80","7D","SHAM","Negative",1541.9,3714.3
"978","Td80","7D","SHAM","Negative",1202.6,3528.8
"979","Td80","7D","SHAM","Negative",1928,3088.8
"980","Td80","7D","SHAM","Positive",1844.6,489.95
"981","Td80","7D","SHAM","Positive",458.12,2696.1
"982","Td80","7D","SHAM","Negative",1435.1,1663.1
"983","Td80","7D","SHAM","Negative",146.57,3327.7
"984","Td80","7D","SHAM","Negative",393.49,2603.2
"985","Td80","7D","SHAM","Positive",2617.6,321.24
"986","Td80","7D","SHAM","Negative",98.84,2725
"987","Td80","7D","SHAM","Negative",2402,3073.1
"988","Td80","7D","SHAM","Negative",592.82,4107.2
"989","Td80","7D","SHAM","Negative",729.57,4044.2
"990","Td80","7D","SHAM","Negative",293.23,1705.1
"991","Td80","7D","SHAM","Positive",2705.5,276.27
"992","Td80","7D","SHAM","Negative",2907.5,1812.3
"993","Td80","7D","SHAM","Negative",1959.4,4751.6
"994","Td80","7D","SHAM","Negative",2053.1,919.6
"995","Td80","7D","SHAM","Negative",788.9,4421.8
"996","Td80","7D","SHAM","Positive",1704.5,5079.1
"997","Td80","7D","SHAM","Negative",1400.5,3516.6
"998","Td80","7D","SHAM","Negative",3088.3,1893
"999","Td80","7D","SHAM","Negative",2270.5,3597.2
"1000","Td80","7D","SHAM","Negative",2493.9,3081.4
"1001","Td80","7D","SHAM","Negative",1294.8,1199.2
"1002","Td80","7D","SHAM","Negative",2914,5662.8
"1003","Td80","7D","SHAM","Negative",1193.3,3451.2
"1004","Td80","7D","SHAM","Positive",1935.6,4185.3
"1005","Td80","7D","SHAM","Negative",1760.7,1008.5
"1006","Td80","7D","SHAM","Negative",2862.1,2539
"1007","Td80","7D","SHAM","Negative",1038.2,3997.4
"1008","Td80","7D","SHAM","Negative",1784.4,5421.4
"1009","Td80","7D","SHAM","Negative",3016.1,294.78
"1010","Td80","7D","SHAM","Negative",1572,4905.1
"1011","Td80","7D","SHAM","Negative",1846.1,1220.4
"1012","Td80","7D","SHAM","Positive",2868.7,243.05
"1013","Td80","7D","SHAM","Negative",2074.3,3557.1
"1014","Td80","7D","SHAM","Positive",322.13,2683.1
"1015","Td80","7D","SHAM","Negative",2806.8,4983.3
"1016","Td80","7D","SHAM","Negative",1365.7,2685.2
"1017","Td80","7D","SHAM","Negative",605.89,1196.9
"1018","Td80","7D","SHAM","Negative",2243.2,5597.6
"1019","Td80","7D","SHAM","Negative",924.85,3496.6
"1020","Td80","7D","SHAM","Negative",1203.4,4357.1
"1021","Td80","7D","SHAM","Negative",1167.6,1930.9
"1022","Td80","7D","SHAM","Negative",2927.7,3264.4
"1023","Td80","7D","SHAM","Negative",2919.9,2896.4
"1024","Td80","7D","SHAM","Negative",3015.6,5624.7
"1025","Td80","7D","SHAM","Negative",3057.3,5591.5
"1026","Td80","7D","SHAM","Negative",815.26,1107.8
"1027","Td80","7D","SHAM","Negative",2699.9,4569.1
"1028","Td80","7D","SHAM","Negative",1485,3030.6
"1029","Td80","7D","SHAM","Negative",161.49,1996.7
"1030","Td80","7D","SHAM","Negative",2189.6,4437.4
"1031","Td80","7D","SHAM","Negative",1927.6,1067.9
"1032","Td80","7D","SHAM","Positive",1771.4,3224
"1033","Td80","7D","SHAM","Negative",808.14,4250.8
"1034","Td80","7D","SHAM","Negative",1585.4,3579.5
"1035","Td80","7D","SHAM","Negative",2666.1,3232.2
"1036","Td80","7D","SHAM","Positive",2486.3,732.62
"1037","Td80","7D","SHAM","Negative",1809.8,2583.9
"1038","Td80","7D","SHAM","Negative",29.31,2508.5
"1039","Td80","7D","SHAM","Negative",515.92,1221.9
"1040","Td80","7D","SHAM","Positive",2992.4,196.31
"1041","Td80","7D","SHAM","Negative",2229.1,3207.8
"1042","Td80","7D","SHAM","Negative",925.74,1921.1
"1043","Td80","7D","SHAM","Negative",916.63,3609.2
"1044","Td80","7D","SHAM","Negative",487.42,1571
"1045","Td80","7D","SHAM","Positive",49.62,3331
"1046","Td80","7D","SHAM","Negative",1870.3,3816.1
"1047","Td80","7D","SHAM","Negative",1516.9,4535.3
"1048","Td80","7D","SHAM","Negative",1646.8,694.22
"1049","Td80","7D","SHAM","Negative",1844.3,3242.2
"1050","Td80","7D","SHAM","Negative",1563.8,4154.6
"1051","Td80","7D","SHAM","Negative",2005.4,3229.9
"1052","Td80","7D","SHAM","Negative",2569.7,2938.8
"1053","Td80","7D","SHAM","Negative",1322.9,1779.9
"1054","Td80","7D","SHAM","Negative",30.23,3063.7
"1055","Td80","7D","SHAM","Negative",2094.4,3289.4
"1056","Td80","7D","SHAM","Negative",1717.8,1126.6
"1057","Td80","7D","SHAM","Negative",1184.3,2630.1
"1058","Td80","7D","SHAM","Negative",1318.9,4171.4
"1059","Td80","7D","SHAM","Negative",1108.5,1373.7
"1060","Td80","7D","SHAM","Negative",566.7,2226.4
"1061","Td80","7D","SHAM","Positive",1983.6,2488.1
"1062","Td80","7D","SHAM","Negative",2023.4,4191.1
"1063","Td80","7D","SHAM","Negative",2143.8,4502.5
"1064","Td80","7D","SHAM","Negative",2237.8,4515.1
"1065","Td80","7D","SHAM","Negative",1124.5,3618.3
"1066","Td80","7D","SHAM","Negative",2202,950.16
"1067","Td80","7D","SHAM","Negative",1590.5,4001.8
"1068","Td80","7D","SHAM","Negative",1602.3,950.81
"1069","Td80","7D","SHAM","Positive",640.97,2212.6
"1070","Td80","7D","SHAM","Negative",1491.8,2204.3
"1071","Td80","7D","SHAM","Negative",2082.7,1944.3
"1072","Td80","7D","SHAM","Negative",1947.5,3984.4
"1073","Td80","7D","SHAM","Negative",1941.5,1154.2
"1074","Td80","7D","SHAM","Negative",2807.2,2486.7
"1075","Td80","7D","SHAM","Negative",151.02,3379.8
"1076","Td80","7D","SHAM","Negative",2511.4,2084
"1077","Td80","7D","SHAM","Negative",2139.4,4726.7
"1078","Td80","7D","SHAM","Negative",893.74,1351
"1079","Td80","7D","SHAM","Negative",1399.4,3349
"1080","Td80","7D","SHAM","Negative",1897.5,5445.9
"1081","Td80","7D","SHAM","Negative",2917.2,3487.8
"1082","Td80","7D","SHAM","Negative",2726.4,2957.6
"1083","Td80","7D","SHAM","Negative",2397.1,4021.1
"1084","Td80","7D","SHAM","Negative",488.68,2928.3
"1085","Td80","7D","SHAM","Positive",2008.3,4555.5
"1086","Td80","7D","SHAM","Positive",242.43,1709.3
"1087","Td80","7D","SHAM","Negative",3064.6,2791.2
"1088","Td80","7D","SHAM","Negative",542.23,2307.6
"1089","Td80","7D","SHAM","Negative",2927.3,4518.5
"1090","Td80","7D","SHAM","Negative",2813.6,1280.9
"1091","Td80","7D","SHAM","Negative",3054.9,4325.8
"1092","Td80","7D","SHAM","Negative",313.24,1589.7
"1093","Td80","7D","SHAM","Negative",954.43,1628.7
"1094","Td80","7D","SHAM","Negative",2180,5086.9
"1095","Td80","7D","SHAM","Negative",3113.2,3127.2
"1096","Td80","7D","SHAM","Negative",2369.1,2459.1
"1097","Td80","7D","SHAM","Negative",1813.8,5237.6
"1098","Td80","7D","SHAM","Negative",2088.2,4776.9
"1099","Td80","7D","SHAM","Positive",1748.9,5280.3
"1100","Td80","7D","SHAM","Negative",464.02,2967.7
"1101","Td80","7D","SHAM","Positive",2162.2,1051.5
"1102","Td80","7D","SHAM","Negative",778.16,1433.4
"1103","Td80","7D","SHAM","Negative",1910.5,1306.1
"1104","Td80","7D","SHAM","Negative",2080.9,4597.3
"1105","Td80","7D","SHAM","Negative",2027.3,5096.2
"1106","Td80","7D","SHAM","Negative",1313.3,2809.4
"1107","Td80","7D","SHAM","Negative",632.98,1687
"1108","Td80","7D","SHAM","Positive",2094.8,4916.2
"1109","Td80","7D","SHAM","Negative",2231.9,351.15
"1110","Td80","7D","SHAM","Negative",2619.7,5168
"1111","Td80","7D","SHAM","Negative",2476.1,783.51
"1112","Td80","7D","SHAM","Positive",2439.8,1849.6
"1113","Td80","7D","SHAM","Negative",3191.5,362.75
"1114","Td80","7D","SHAM","Negative",418.23,2000.1
"1115","Td80","7D","SHAM","Negative",2184.1,4793.1
"1116","Td80","7D","SHAM","Negative",2250.8,4666.5
"1117","Td80","7D","SHAM","Negative",1677.1,2959.8
"1118","Td80","7D","SHAM","Negative",1505.6,1083
"1119","Td80","7D","SHAM","Negative",1940.3,5549.8
"1120","Td80","7D","SHAM","Negative",2909.5,4851.5
"1121","Td80","7D","SHAM","Negative",2814.6,4394.2
"1122","Td80","7D","SHAM","Negative",2303.3,3859.3
"1123","Td80","7D","SHAM","Positive",2043.4,4835.4
"1124","Td80","7D","SHAM","Negative",1236.3,4918.6
"1125","Td80","7D","SHAM","Negative",1654.3,1577.9
"1126","Td80","7D","SHAM","Negative",2845.6,5803.6
"1127","Td80","7D","SHAM","Negative",1551.3,4668.9
"1128","Td80","7D","SHAM","Negative",1296.4,3199.8
"1129","Td80","7D","SHAM","Negative",91.63,3168.2
"1130","Td80","7D","SHAM","Negative",1590.3,4203.7
"1131","Td80","7D","SHAM","Negative",1707.8,1883.8
"1132","Td80","7D","SHAM","Negative",2181.6,4876.4
"1133","Td80","7D","SHAM","Negative",1239.6,3629.3
"1134","Td80","7D","SHAM","Negative",1503.1,1848
"1135","Td80","7D","SHAM","Positive",3112,159.88
"1136","Td80","7D","SHAM","Negative",1833.5,2554.3
"1137","Td80","7D","SHAM","Negative",1788.8,4960.4
"1138","Td80","7D","SHAM","Positive",2380.7,377.36
"1139","Td80","7D","SHAM","Negative",1913.4,2206.4
"1140","Td80","7D","SHAM","Negative",120.57,3035.8
"1141","Td80","7D","SHAM","Negative",150.02,2939.2
"1142","Td80","7D","SHAM","Negative",832.69,2125.4
"1143","Td80","7D","SHAM","Negative",404.46,2696.3
"1144","Td80","7D","SHAM","Negative",2664.3,4092.5
"1145","Td80","7D","SHAM","Negative",2497.8,5797.8
"1146","Td80","7D","SHAM","Positive",237.59,2653.3
"1147","Td80","7D","SHAM","Negative",726.73,1861.6
"1148","Td80","7D","SHAM","Negative",722.09,2893.6
"1149","Td80","7D","SHAM","Positive",1902.2,4521.7
"1150","Td80","7D","SHAM","Negative",251.33,3625.1
"1151","Td80","7D","SHAM","Negative",1634.4,4727.8
"1152","Td80","7D","SHAM","Positive",1208.8,3103.3
"1153","Td80","7D","SHAM","Negative",316.59,2231.9
"1154","Td80","7D","SHAM","Negative",2724.2,4782.1
"1155","Td80","7D","SHAM","Negative",1590.8,1283.4
"1156","Td80","7D","SHAM","Negative",2160.2,3033.1
"1157","Td80","7D","SHAM","Negative",3176.8,189.81
"1158","Td80","7D","SHAM","Negative",381.93,1594.9
"1159","Td80","7D","SHAM","Negative",1908.6,950.07
"1160","Td80","7D","SHAM","Positive",2727.9,3104.5
"1161","Td80","7D","SHAM","Negative",2258.6,4065.6
"1162","Td80","7D","SHAM","Negative",815.29,2025
"1163","Td80","7D","SHAM","Negative",2659.9,5706.1
"1164","Td80","7D","SHAM","Negative",927.62,1888.4
"1165","Td80","7D","SHAM","Negative",50.86,2986.7
"1166","Td80","7D","SHAM","Negative",2292.4,1108.7
"1167","Td80","7D","SHAM","Negative",684.74,2257.9
"1168","Td80","7D","SHAM","Negative",2048.4,1292.2
"1169","Td80","7D","SHAM","Negative",756.76,1661.7
"1170","Td80","7D","SHAM","Negative",1528.7,3667.6
"1171","Td80","7D","SHAM","Positive",1451.8,4444.1
"1172","Td80","7D","SHAM","Negative",2801.2,3263.5
"1173","Td80","7D","SHAM","Positive",555.34,4281
"1174","Td80","7D","SHAM","Negative",1446.8,4551.4
"1175","Td80","7D","SHAM","Negative",2019.6,2978.5
"1176","Td80","7D","SHAM","Negative",1636.5,1845.5
"1177","Td80","7D","SHAM","Negative",2975.9,348.65
"1178","Td80","7D","SHAM","Negative",1012.5,1684.4
"1179","Td80","7D","SHAM","Negative",2066.8,3963.3
"1180","Td80","7D","SHAM","Negative",2964.4,5599.2
"1181","Td80","7D","SHAM","Negative",2417.8,4054
"1182","Td80","7D","SHAM","Negative",2344,305.27
"1183","Td80","7D","SHAM","Negative",932.32,4572.2
"1184","Td80","7D","SHAM","Negative",2002.8,524.15
"1185","Td80","7D","SHAM","Negative",927.74,1589.8
"1186","Td80","7D","SHAM","Negative",1716.7,4948.2
"1187","Td80","7D","SHAM","Negative",243.99,2811.1
"1188","Td80","7D","SHAM","Negative",1918.1,3695.4
"1189","Td80","7D","SHAM","Positive",2112.6,5829.4
"1190","Td80","7D","SHAM","Negative",1348.9,1535.8
"1191","Td80","7D","SHAM","Positive",1982,2312.7
"1192","Td80","7D","SHAM","Negative",996.25,3096
"1193","Td80","7D","SHAM","Negative",1503.9,1381.3
"1194","Td80","7D","SHAM","Negative",1760.1,1281.1
"1195","Td80","7D","SHAM","Negative",1973,1245.2
"1196","Td80","7D","SHAM","Negative",214.54,2941
"1197","Td80","7D","SHAM","Negative",2326,5287.7
"1198","Td80","7D","SHAM","Negative",724.49,2365
"1199","Td80","7D","SHAM","Negative",2182.4,5282.3
"1200","Td80","7D","SHAM","Negative",375.06,3139.2
"1201","Td80","7D","SHAM","Positive",1911.5,2156.3
"1202","Td80","7D","SHAM","Negative",2628,3308.3
"1203","Td80","7D","SHAM","Negative",443.29,2419
"1204","Td80","7D","SHAM","Negative",595.56,3379.6
"1205","Td80","7D","SHAM","Negative",940.05,4704
"1206","Td80","7D","SHAM","Negative",713.36,1770.4
"1207","Td80","7D","SHAM","Negative",594.46,2155
"1208","Td80","7D","SHAM","Positive",3177.8,150.07
"1209","Td80","7D","SHAM","Negative",1936.5,4126.7
"1210","Td80","7D","SHAM","Negative",1072,3008.1
"1211","Td80","7D","SHAM","Negative",2649.6,5000.7
"1212","Td80","7D","SHAM","Negative",1780.2,4135.2
"1213","Td80","7D","SHAM","Negative",413.05,2982.7
"1214","Td80","7D","SHAM","Negative",1450,1427.8
"1215","Td80","7D","SHAM","Negative",59.9,2413.6
"1216","Td80","7D","SHAM","Positive",3192.4,118.06
"1217","Td80","7D","SHAM","Positive",1843.8,5573.1
"1218","Td80","7D","SHAM","Negative",607.97,1589.3
"1219","Td80","7D","SHAM","Positive",2343.5,1045.8
